2026-53-06/20/26  12:53:36,A Light in the Attic,£51.77
2026-53-06/20/26  12:53:36,Tipping the Velvet,£53.74
2026-53-06/20/26  12:53:36,Soumission,£50.10
2026-53-06/20/26  12:53:36,Sharp Objects,£47.82
2026-53-06/20/26  12:53:36,Sapiens: A Brief History of Humankind,£54.23
2026-53-06/20/26  12:53:36,The Requiem Red,£22.65
2026-53-06/20/26  12:53:36,The Dirty Little Secrets of Getting Your Dream Job,£33.34
2026-53-06/20/26  12:53:36,"The Coming Woman: A Novel Based on the Life of the Infamous Feminist, Victoria Woodhull",£17.93
2026-53-06/20/26  12:53:36,The Boys in the Boat: Nine Americans and Their Epic Quest for Gold at the 1936 Berlin Olympics,£22.60
2026-53-06/20/26  12:53:36,The Black Maria,£52.15
2026-53-06/20/26  12:53:36,"Starving Hearts (Triangular Trade Trilogy, #1)",£13.99
2026-53-06/20/26  12:53:36,Shakespeare's Sonnets,£20.66
2026-53-06/20/26  12:53:36,Set Me Free,£17.46
2026-53-06/20/26  12:53:36,Scott Pilgrim's Precious Little Life (Scott Pilgrim #1),£52.29
2026-53-06/20/26  12:53:36,Rip it Up and Start Again,£35.02
2026-53-06/20/26  12:53:36,"Our Band Could Be Your Life: Scenes from the American Indie Underground, 1981-1991",£57.25
2026-53-06/20/26  12:53:36,Olio,£23.88
2026-53-06/20/26  12:53:36,Mesaerion: The Best Science Fiction Stories 1800-1849,£37.59
2026-53-06/20/26  12:53:36,Libertarianism for Beginners,£51.33
2026-53-06/20/26  12:53:36,It's Only the Himalayas,£45.17
2026-54-06/20/26  12:54:30,A Light in the Attic,£51.77
2026-54-06/20/26  12:54:30,Tipping the Velvet,£53.74
2026-54-06/20/26  12:54:30,Soumission,£50.10
2026-54-06/20/26  12:54:30,Sharp Objects,£47.82
2026-54-06/20/26  12:54:30,Sapiens: A Brief History of Humankind,£54.23
2026-54-06/20/26  12:54:30,The Requiem Red,£22.65
2026-54-06/20/26  12:54:30,The Dirty Little Secrets of Getting Your Dream Job,£33.34
2026-54-06/20/26  12:54:30,"The Coming Woman: A Novel Based on the Life of the Infamous Feminist, Victoria Woodhull",£17.93
2026-54-06/20/26  12:54:30,The Boys in the Boat: Nine Americans and Their Epic Quest for Gold at the 1936 Berlin Olympics,£22.60
2026-54-06/20/26  12:54:30,The Black Maria,£52.15
2026-54-06/20/26  12:54:30,"Starving Hearts (Triangular Trade Trilogy, #1)",£13.99
2026-54-06/20/26  12:54:30,Shakespeare's Sonnets,£20.66
2026-54-06/20/26  12:54:30,Set Me Free,£17.46
2026-54-06/20/26  12:54:30,Scott Pilgrim's Precious Little Life (Scott Pilgrim #1),£52.29
2026-54-06/20/26  12:54:30,Rip it Up and Start Again,£35.02
2026-54-06/20/26  12:54:30,"Our Band Could Be Your Life: Scenes from the American Indie Underground, 1981-1991",£57.25
2026-54-06/20/26  12:54:30,Olio,£23.88
2026-54-06/20/26  12:54:30,Mesaerion: The Best Science Fiction Stories 1800-1849,£37.59
2026-54-06/20/26  12:54:30,Libertarianism for Beginners,£51.33
2026-54-06/20/26  12:54:30,It's Only the Himalayas,£45.17
